type,name,module,path,hash
"csv","agent-manifest","_config","_config/agent-manifest.csv","bbd707c0b03909a043cc4dbc45a4daecf7b7a6d516e69fa276eabc8e210bf6f4"
"csv","task-manifest","_config","_config/task-manifest.csv","98a5690505c0373efaaf6bf7bd306f2e9a1cd3b937deb1268cda54377ec622a2"
"csv","workflow-manifest","_config","_config/workflow-manifest.csv","cde73c718d7fed36c94d6d031bd3b7501ec731083c1093e78fc0e6d99c616606"
"yaml","manifest","_config","_config/manifest.yaml","9095f24c580bc2085f6a81239db035eb149325e0f2ac2a99358ba51d2a52ef17"
"csv","common-workflow-tools","bmb","bmb/docs/workflows/common-workflow-tools.csv","f16a0b207617fab1a3f0aa7b65f1b65d828101530daf93fd9cf4931b1c12d5ca"
"csv","communication-presets","bmb","bmb/workflows/create-agent/data/communication-presets.csv","1d40b718418c672b19700516f03479dce199fb3646ff26250536e42113a91224"
"csv","dietary-restrictions","bmb","bmb/reference/workflows/meal-prep-nutrition/data/dietary-restrictions.csv","ccde18712553d55ea63ca85d6d1f10e74086d4f47a03dec65141d4bb9942592b"
"csv","dietary-restrictions","bmb","bmb/workflows/create-agent/data/reference/workflows/meal-prep-nutrition/data/dietary-restrictions.csv","ccde18712553d55ea63ca85d6d1f10e74086d4f47a03dec65141d4bb9942592b"
"csv","kb","bmb","bmb/docs/agents/kb.csv","e3b0c44298fc1c149afbf4c8996fb92427ae41e4649b934ca495991b7852b855"
"csv","kb","bmb","bmb/docs/workflows/kb.csv","e3b0c44298fc1c149afbf4c8996fb92427ae41e4649b934ca495991b7852b855"
"csv","macro-calculator","bmb","bmb/reference/workflows/meal-prep-nutrition/data/macro-calculator.csv","6f218ae98911f5c2200a72c94cf85a45a4928a6d3208a23acf9c2e34b06e494c"
"csv","macro-calculator","bmb","bmb/workflows/create-agent/data/reference/workflows/meal-prep-nutrition/data/macro-calculator.csv","6f218ae98911f5c2200a72c94cf85a45a4928a6d3208a23acf9c2e34b06e494c"
"csv","recipe-database","bmb","bmb/reference/workflows/meal-prep-nutrition/data/recipe-database.csv","f97b38bc7405369cfd8a7d88b39708af8df2bcb9c9867313aef9e8b555291e88"
"csv","recipe-database","bmb","bmb/workflows/create-agent/data/reference/workflows/meal-prep-nutrition/data/recipe-database.csv","f97b38bc7405369cfd8a7d88b39708af8df2bcb9c9867313aef9e8b555291e88"
"js","installer.template","bmb","bmb/workflows/create-module/templates/installer.template.js","52e573290f20fbafa5030517bf5bd6c0d204f32cdac76fd1d3c4771fcc493695"
"md","agent-compilation","bmb","bmb/docs/agents/agent-compilation.md","3f732ddfec0689891c2dcd75a07154063b651b1cac89f22dd23e69aac0b8c319"
"md","agent-menu-patterns","bmb","bmb/docs/agents/agent-menu-patterns.md","281b5afa2db9e41944fe38818df5e7bd57a9f70f0d7496fff3215cb3f586769f"
"md","agent-plan.template","bmb","bmb/workflows/create-agent/templates/agent-plan.template.md","69ed1ae38c2cb73a2fe3a3da7e26842ef76d2a9f9faff2736975d2afc1c5d6b7"
"md","agent-validation-checklist","bmb","bmb/workflows/create-agent/data/agent-validation-checklist.md","7b1172ac27735a8adcd02448692b652bd6d089fdab3ea667b5bec7c724f240e9"
"md","agent.template","bmb","bmb/workflows/create-module/templates/agent.template.md","e4c0dcf00f8d1d7b1b24e630b7edede96762d3ef6981b94c06c4296d923c6d7b"
"md","architecture","bmb","bmb/docs/workflows/architecture.md","de280cfc4874fe03fe9d230c762a9c390d6c1300c37448136a539a13d31b6183"
"md","assessment-section","bmb","bmb/reference/workflows/meal-prep-nutrition/templates/assessment-section.md","9fa8380217ce2ecb29e05d4023e0e5c17c84b5880e9af92df45a57a7dc2f2fb1"
"md","assessment-section","bmb","bmb/workflows/create-agent/data/reference/workflows/meal-prep-nutrition/templates/assessment-section.md","9fa8380217ce2ecb29e05d4023e0e5c17c84b5880e9af92df45a57a7dc2f2fb1"
"md","brainstorm-context","bmb","bmb/workflows/create-agent/data/brainstorm-context.md","576d7a02935ef4e34bdc6476527b658d954bb490b8d09b09ef7e0cf58712d96f"
"md","checklist","bmb","bmb/workflows-legacy/edit-module/checklist.md","5d0db2b72253323da5ebe4482010073a98b60afb9e3198960884483b7342629f"
"md","checklist","bmb","bmb/workflows-legacy/module-brief/checklist.md","4710f9c7e48a1cb29b225d43955bf313271dc7f9bb471bfecb1a8edf5f57a10a"
"md","completion-summary","bmb","bmb/workflows/edit-workflow/templates/completion-summary.md","5fb732313bbf466c106e59c2c5d16d92be6e4f2a749fbd4f3d99415bddbeea1c"
"md","compliance-report","bmb","bmb/workflows/workflow-compliance-check/templates/compliance-report.md","01184bebdad49cc5b9a188f27b6998e7834de5c4dcdaa4f3d9f827a1b46d7037"
"md","csv-data-file-standards","bmb","bmb/docs/workflows/csv-data-file-standards.md","96fcc0e54f5607044adf0f50b10a5a74c12331b71469d5574765e635988406eb"
"md","expert-agent-architecture","bmb","bmb/docs/agents/expert-agent-architecture.md","e29ac1961aa6b7c98d45bc850c63082a027ab33e9a8ee7aff72d8964fde87826"
"md","expert-agent.template","bmb","bmb/workflows/create-agent/templates/expert-agent.template.md","654b522910208d60187cfd2160af9751d1978a8f36d3128c4f7475a8753a4d6a"
"md","improvement-goals","bmb","bmb/workflows/edit-workflow/templates/improvement-goals.md","d4f0b61a4a7327388ee23fac02e0cb3bf5fb34780f63d439aa060bc65a43fef4"
"md","improvement-log","bmb","bmb/workflows/edit-workflow/templates/improvement-log.md","3487cd5e19c56696e8c4bb92e45ee77a3f76bb70bb26509f751e39a7bdc79ca2"
"md","index","bmb","bmb/docs/agents/index.md","56b238a82146c781eff5af563b636e055442a258144dff53e2169c41a586476f"
"md","index","bmb","bmb/docs/index.md","d9fce9d88f6e6d2eea451e7f65c20f4d18886ab462099e441fae02717c2b1ff5"
"md","index","bmb","bmb/docs/workflows/index.md","2173158bd5155c24e9cd09ca94d1ac1c1d8f9aa542a63fafa57e156b324b8f15"
"md","info-and-installation-guide","bmb","bmb/workflows/create-agent/data/info-and-installation-guide.md","4a6ed038899b23c0a659c0de8bfd44979f49793a536c84cd1ab26dad44ff0ede"
"md","instructions","bmb","bmb/workflows-legacy/edit-module/instructions.md","4f28203157cf4a6b87ce932f33eef564c00da810e20d71030c9caa33c15b2dee"
"md","instructions","bmb","bmb/workflows-legacy/module-brief/instructions.md","6409d16e0fa00f82692e7e80d051a13de76e3e6af09013ea1c97e70fc6bf7038"
"md","intent-vs-prescriptive-spectrum","bmb","bmb/docs/workflows/intent-vs-prescriptive-spectrum.md","def3cd9e350556da9c602db93b2db34b9aa96d965ef51ab85499c414d4ea1564"
"md","module-plan.template","bmb","bmb/workflows/create-module/templates/module-plan.template.md","2bbdf9fbdb548f055a564ca8e4ec78ab86c2b4f33ef69689f2cd07f6d52e791d"
"md","nutrition-plan","bmb","bmb/reference/workflows/meal-prep-nutrition/templates/nutrition-plan.md","8622904f32a9de6e4a85059daa62f7a1277000df48d82b17eddfb39f25eb5a7d"
"md","nutrition-plan","bmb","bmb/workflows/create-agent/data/reference/workflows/meal-prep-nutrition/templates/nutrition-plan.md","8622904f32a9de6e4a85059daa62f7a1277000df48d82b17eddfb39f25eb5a7d"
"md","prep-schedule-section","bmb","bmb/reference/workflows/meal-prep-nutrition/templates/prep-schedule-section.md","1c770d8deb07863adee05fe91114ffe2f9b0d366d653f554c2cb39a847d3d3ed"
"md","prep-schedule-section","bmb","bmb/workflows/create-agent/data/reference/workflows/meal-prep-nutrition/templates/prep-schedule-section.md","1c770d8deb07863adee05fe91114ffe2f9b0d366d653f554c2cb39a847d3d3ed"
"md","profile-section","bmb","bmb/reference/workflows/meal-prep-nutrition/templates/profile-section.md","8f2df3ab5d41f229f401b153d54d67818e3205ef06b7ca5cfc6439f21112be74"
"md","profile-section","bmb","bmb/workflows/create-agent/data/reference/workflows/meal-prep-nutrition/templates/profile-section.md","8f2df3ab5d41f229f401b153d54d67818e3205ef06b7ca5cfc6439f21112be74"
"md","README","bmb","bmb/README.md","5bbe1c65c38fbce039ca375fd516d70594a50082bae19d4e6f66112d43898f6b"
"md","README","bmb","bmb/reference/README.md","fd0dcb1c9acd089b6855dcfc89a74c9c27e4b1637d3c2c2e8db4cde2fb1140eb"
"md","README","bmb","bmb/reference/agents/expert-examples/journal-keeper/README.md","192965d472552081c2775100c08d0c508218c82da0d52e1bf5ed7f587b6aab18"
"md","README","bmb","bmb/reference/agents/module-examples/README.md","3ff3d44c743df058e981a5fd1c39b84ba582cf047e9babdbbc89733b86d259b3"
"md","README","bmb","bmb/reference/agents/simple-examples/README.md","0de1d3738dffa9a1d400741e3777b32e2981bb091358cc5207f24951764b3e62"
"md","README","bmb","bmb/workflows/create-agent/data/reference/README.md","fd0dcb1c9acd089b6855dcfc89a74c9c27e4b1637d3c2c2e8db4cde2fb1140eb"
"md","README","bmb","bmb/workflows/create-agent/data/reference/agents/expert-examples/journal-keeper/README.md","192965d472552081c2775100c08d0c508218c82da0d52e1bf5ed7f587b6aab18"
"md","README","bmb","bmb/workflows/create-agent/data/reference/agents/module-examples/README.md","63067112739d0e2a3d7c852809131b66de69ab329e0d689db80942f3be604909"
"md","README","bmb","bmb/workflows/create-agent/data/reference/agents/simple-examples/README.md","0de1d3738dffa9a1d400741e3777b32e2981bb091358cc5207f24951764b3e62"
"md","README","bmb","bmb/workflows-legacy/edit-module/README.md","8131c966a8bd2ee74507b0c2fd335c0fd077ab5470c4649c69ba3bb88e850b4a"
"md","README","bmb","bmb/workflows-legacy/module-brief/README.md","a0d6d254b542da53a558a4dc3b05d9c65b0123cee643d9f1cc63365b5852df38"
"md","shopping-section","bmb","bmb/reference/workflows/meal-prep-nutrition/templates/shopping-section.md","8441562d59975a6126e27ef90cb20da97acacd4137b15bf47659c80838101b67"
"md","shopping-section","bmb","bmb/workflows/create-agent/data/reference/workflows/meal-prep-nutrition/templates/shopping-section.md","8441562d59975a6126e27ef90cb20da97acacd4137b15bf47659c80838101b67"
"md","simple-agent-architecture","bmb","bmb/docs/agents/simple-agent-architecture.md","0ef6c78e5474d1119cd7d72b9873ea38329ea242b4e47a65c94298dc9aa72889"
"md","simple-agent.template","bmb","bmb/workflows/create-agent/templates/simple-agent.template.md","e76a0ea7168dd0bb64a77a55cc2b7bee9e181cafea0f07ded0fb3a20e271449b"
"md","step-01-analyze","bmb","bmb/workflows/edit-workflow/steps/step-01-analyze.md","360cb56bee87bf50945034b81a13150ba7981370eeed98bede12316fc67a4267"
"md","step-01-brainstorm","bmb","bmb/workflows/create-agent/steps/step-01-brainstorm.md","9e6e9024c2f5b32832986b9598d6752be2dcdc29d0606ae19d2ced0f622a3371"
"md","step-01-discover-intent","bmb","bmb/workflows/edit-agent/steps/step-01-discover-intent.md","bd7031806d731249a2c248a00305065d6cff831c4e5d07a5b48d8b680b35b1d7"
"md","step-01-init","bmb","bmb/reference/workflows/meal-prep-nutrition/steps/step-01-init.md","8058362f48da7f2dd9e196b6464fb15f93b71041c87a51c2e6b6e7a50ae88a1a"
"md","step-01-init","bmb","bmb/workflows/create-agent/data/reference/workflows/meal-prep-nutrition/steps/step-01-init.md","eff78396b5a87634253c73162c2b0737f46c20671af513d4ff116b18191dd714"
"md","step-01-init","bmb","bmb/workflows/create-module/steps/step-01-init.md","a14251d6527708e33b94cef15bb4e742416d1896cef40c18320703a9f60fe549"
"md","step-01-init","bmb","bmb/workflows/create-workflow/steps/step-01-init.md","92187a35ac4c7e57591f5fffd47d95fe1851992f8737aa4d1343128beab6d479"
"md","step-01-init-continuable-template","bmb","bmb/docs/workflows/templates/step-01-init-continuable-template.md","ff1f7b7c225596a107c6ac009d0eecbbfe78f382fbea45a1e611ec1b305d9d6f"
"md","step-01-validate-goal","bmb","bmb/workflows/workflow-compliance-check/steps/step-01-validate-goal.md","2864a9c5e365e4db40ba94343b0f41f8520a1f5ac6051cedc968367876d62a8f"
"md","step-01b-continue","bmb","bmb/reference/workflows/meal-prep-nutrition/steps/step-01b-continue.md","2430ff5f270f529659584a78e3e96449f7cc175ab9b5d630929f7f09be66cedd"
"md","step-01b-continue","bmb","bmb/workflows/create-agent/data/reference/workflows/meal-prep-nutrition/steps/step-01b-continue.md","83b60078cbcb6bf0bef8e074d892d4f7e16464cdb0c0ad61fb7418563f3dc56a"
"md","step-01b-continue","bmb","bmb/workflows/create-module/steps/step-01b-continue.md","8e4fbea713d03792a57dd5e1cb30f48f841132789b90dae25c92faa9262a4794"
"md","step-02-analyze-agent","bmb","bmb/workflows/edit-agent/steps/step-02-analyze-agent.md","81ea03dcb391dc632f72cded18992d92fb50729394ab92ffe65c12ee46ca426e"
"md","step-02-concept","bmb","bmb/workflows/create-module/steps/step-02-concept.md","4ac4c256a08488aa93b49251343e13019ca236ce876b8bd0ee2b4b10990f482e"
"md","step-02-discover","bmb","bmb/workflows/create-agent/steps/step-02-discover.md","a706d4847e782484b0f564cae3cc1cb58d424770c1f313b57e67b89caa699ca8"
"md","step-02-discover","bmb","bmb/workflows/edit-workflow/steps/step-02-discover.md","bd20b53376643df8cb8cfdd4c6d3ef4c336593ce3e69dd77cec2992c9a3d3246"
"md","step-02-gather","bmb","bmb/workflows/create-workflow/steps/step-02-gather.md","ae9fc666783387d078201f48bc9e4ab2ecb06019ba78d3ef3974998bf4abe97e"
"md","step-02-profile","bmb","bmb/reference/workflows/meal-prep-nutrition/steps/step-02-profile.md","3ffc4d44a0a3a28341407a620a3adb04e9d6cbc12c3db3d7ddd076f2d88de47d"
"md","step-02-profile","bmb","bmb/workflows/create-agent/data/reference/workflows/meal-prep-nutrition/steps/step-02-profile.md","9ea32cc66bcdc5e3593bb0c395170003f5c184abb9d97648064a6a433306d39c"
"md","step-02-workflow-validation","bmb","bmb/workflows/workflow-compliance-check/steps/step-02-workflow-validation.md","ad29d1b369b197ff9f7639ded9efcbf01c496b546fa960c3f8798e6a3b74f224"
"md","step-03-assessment","bmb","bmb/reference/workflows/meal-prep-nutrition/steps/step-03-assessment.md","699b369ce61d9888ba66121b948258a066657651ea511ca64e8c5ce7ef896e48"
"md","step-03-assessment","bmb","bmb/workflows/create-agent/data/reference/workflows/meal-prep-nutrition/steps/step-03-assessment.md","2b2b641d468bc03b3d1f09753303bb6652eb7edc2cf83cb5c65e9666ab06332b"
"md","step-03-components","bmb","bmb/workflows/create-module/steps/step-03-components.md","1567621fcbdf9303cb3a590700d8c688e55849443452a26c8c97ae69764db3cf"
"md","step-03-improve","bmb","bmb/workflows/edit-workflow/steps/step-03-improve.md","e7c92f431fadbcd28edfe2e8405916a7fbc8ec0342414be3347220cc7509d597"
"md","step-03-persona","bmb","bmb/workflows/create-agent/steps/step-03-persona.md","d58819337d71fd9cfb7c4a50b5e48553b128f1f761fee9a4385f42226ed1d57f"
"md","step-03-propose-changes","bmb","bmb/workflows/edit-agent/steps/step-03-propose-changes.md","ab83d5ab271209343e28025f55de0f51fb7d75a5e0389258527ec910e34a91fe"
"md","step-03-step-validation","bmb","bmb/workflows/workflow-compliance-check/steps/step-03-step-validation.md","1edfdec18c182f7e86dcfe8316543153c47a881e7cd690c3223b87f7b933c401"
"md","step-03-tools-configuration","bmb","bmb/workflows/create-workflow/steps/step-03-tools-configuration.md","2ceba938beddb1e19b4c3c4be2d28c780323331985a24fa007e6248794bd7047"
"md","step-04-apply-changes","bmb","bmb/workflows/edit-agent/steps/step-04-apply-changes.md","d798b14492963c8cb7290fef845ad010ea872454b4366b0fc2bfca6815786811"
"md","step-04-commands","bmb","bmb/workflows/create-agent/steps/step-04-commands.md","ff58239ecf5538ca1ae38c9cdd0d62592b5eb3f1f6c4500dc4630feea41baf77"
"md","step-04-file-validation","bmb","bmb/workflows/workflow-compliance-check/steps/step-04-file-validation.md","43c9761cead0546e923b56a079aca027ed54a535de2c8867abd3753aaf3178c5"
"md","step-04-plan-review","bmb","bmb/workflows/create-workflow/steps/step-04-plan-review.md","75a09a932e6529d6c8b453a82172ba735c99790b0687c455a7f389d07269ab4f"
"md","step-04-strategy","bmb","bmb/reference/workflows/meal-prep-nutrition/steps/step-04-strategy.md","f18d2fdac85124729229af76c31edf1b6c612ad55dcb221ffd39bfa316910685"
"md","step-04-strategy","bmb","bmb/workflows/create-agent/data/reference/workflows/meal-prep-nutrition/steps/step-04-strategy.md","19727d6bffa826545589fbaa79ef3d6a9e08413cc312ce926e2d870a7f4df4ff"
"md","step-04-structure","bmb","bmb/workflows/create-module/steps/step-04-structure.md","8f06c7f0800f22c3868004b981524dbe2bc45ccad7505695db47466626a446d5"
"md","step-04-validate","bmb","bmb/workflows/edit-workflow/steps/step-04-validate.md","bfa6d36d3847da76014069164c31f374aac28fbf893efab9fe533684772b50fd"
"md","step-05-compliance-check","bmb","bmb/workflows/edit-workflow/steps/step-05-compliance-check.md","27e2b89468246b5f93e2e8fea572e816455ddac3452a49d97d8d602243e0a395"
"md","step-05-config","bmb","bmb/workflows/create-module/steps/step-05-config.md","bc70303e395ba83de0c041cabbc5c37460a377c0cbf91838bcdda5ee7623da0c"
"md","step-05-intent-spectrum-validation","bmb","bmb/workflows/workflow-compliance-check/steps/step-05-intent-spectrum-validation.md","45183f867f4311a1c90e286bec1180a34154c4c1eb642688903123318d213b2f"
"md","step-05-name","bmb","bmb/workflows/create-agent/steps/step-05-name.md","29edfbc66e4186bfbe67bb17f241ec917dc15dfb6453094fa091ad67c4691176"
"md","step-05-output-format-design","bmb","bmb/workflows/create-workflow/steps/step-05-output-format-design.md","600e2e25f2c6a77c53f7508dc8588659c3106e19c56a46b24f23eda1c7a18ad8"
"md","step-05-shopping","bmb","bmb/reference/workflows/meal-prep-nutrition/steps/step-05-shopping.md","f700836bf49414831b1ecf29cd729807efe34b8c13b753940d36daf223b701cc"
"md","step-05-shopping","bmb","bmb/workflows/create-agent/data/reference/workflows/meal-prep-nutrition/steps/step-05-shopping.md","83036b9dfce3cab3878802fb172aa6b74532a0c5754e4be654a432a458d36462"
"md","step-05-validate","bmb","bmb/workflows/edit-agent/steps/step-05-validate.md","2f314bafa61f41801f5e802c2724a156dcc059113c042e90743fe7ce81d2bd74"
"md","step-06-agents","bmb","bmb/workflows/create-module/steps/step-06-agents.md","07b7e93c167aa519da6dd48f7c6d599fdc2477b087d0cb2b761cf1fb91d3ed37"
"md","step-06-build","bmb","bmb/workflows/create-agent/steps/step-06-build.md","1fc68c964c252658a309e37a2d363827fe93937a2abe998820174b0271ccb994"
"md","step-06-design","bmb","bmb/workflows/create-workflow/steps/step-06-design.md","0d43bfcdc265617a8d59de3eed5e726c92affd863494a8556f94c8a4fe04a429"
"md","step-06-prep-schedule","bmb","bmb/reference/workflows/meal-prep-nutrition/steps/step-06-prep-schedule.md","f24e74a082a90d1a1f41c0fff1769b2f60336dd77aee2c05e6fee6998a65ecab"
"md","step-06-prep-schedule","bmb","bmb/workflows/create-agent/data/reference/workflows/meal-prep-nutrition/steps/step-06-prep-schedule.md","b18b331877cc7695673d7bd0fed6fcf4c0f44eb14ece43e353a2bcaf09f91519"
"md","step-06-web-subprocess-validation","bmb","bmb/workflows/workflow-compliance-check/steps/step-06-web-subprocess-validation.md","4c194ed722faed021d0b96be95445ee1ed9031a5951056583f5418450d83ace6"
"md","step-07-build","bmb","bmb/workflows/create-workflow/steps/step-07-build.md","da8be93c3e98548fa57bd99691e1438aaba5b6c8b37bdeafe7cd9e4ea59cd8af"
"md","step-07-holistic-analysis","bmb","bmb/workflows/workflow-compliance-check/steps/step-07-holistic-analysis.md","1abaf4b146f679fc222489ac974d90e4807c408b3eb2ff34f58400726d23bc54"
"md","step-07-validate","bmb","bmb/workflows/create-agent/steps/step-07-validate.md","88327ebddf0d80107eddb221d878f85de9b85707a9cd941b40251111b5d54acc"
"md","step-07-workflows","bmb","bmb/workflows/create-module/steps/step-07-workflows.md","cc553857a4e2de61ccade2b38cc98e53d34700bfb8844832efbf96a27b36f945"
"md","step-08-celebrate","bmb","bmb/workflows/create-agent/steps/step-08-celebrate.md","506eb8ff52b6cc3e7e5b469cfd400ca5e63df94b5348fec30cf2019fa556adfd"
"md","step-08-generate-report","bmb","bmb/workflows/workflow-compliance-check/steps/step-08-generate-report.md","c143bc4400ca3ae6f182bdc2186d1ffdf18dc8c2c10ec8db9db83d59d29d78af"
"md","step-08-installer","bmb","bmb/workflows/create-module/steps/step-08-installer.md","63c43671e9d832d6eb89bdfb8f0467028f75a74416abae9ea7ac58187bcdd065"
"md","step-08-review","bmb","bmb/workflows/create-workflow/steps/step-08-review.md","48e0194af3b92c615609dbebf1f6154974fc6e303f40d3bc9b0338ddb0f086ae"
"md","step-09-complete","bmb","bmb/workflows/create-workflow/steps/step-09-complete.md","e1e897ad82c21960cced791759d15f27eaae6fc8bda82623e3bc69c696a70afc"
"md","step-09-documentation","bmb","bmb/workflows/create-module/steps/step-09-documentation.md","469e8db2466b8b4add7ac3c92146450b7c635fe182d93551cb5445e4d75dd1f3"
"md","step-10-roadmap","bmb","bmb/workflows/create-module/steps/step-10-roadmap.md","545a1fe58d5af36eaceff52f617df50501fe32ede49eae4ac8e80cee2ece2c7d"
"md","step-11-validate","bmb","bmb/workflows/create-module/steps/step-11-validate.md","3f895955233767c0b9144c90ffb058fe10e1b81c8f756d1e5c40a966f4550be9"
"md","step-1b-template","bmb","bmb/docs/workflows/templates/step-1b-template.md","97dd12129529a1666f1395d721fb48af3ce40a58fed38f45dac3e6c5b7d974f9"
"md","step-file","bmb","bmb/docs/workflows/templates/step-file.md","eb694cc1c8a2a03c631e1d9d5084a490341652ab9863bd15c580b59f6784884c"
"md","step-template","bmb","bmb/docs/workflows/templates/step-template.md","dc57e45ce9ab78b6bb0d50fd35636a46962425f91531ca9645717a9f1a56d92d"
"md","strategy-section","bmb","bmb/reference/workflows/meal-prep-nutrition/templates/strategy-section.md","0d75fedb5bedc07bd0e17a63f370b011f770d3d696eb7835cc07fa4fe5a77337"
"md","strategy-section","bmb","bmb/workflows/create-agent/data/reference/workflows/meal-prep-nutrition/templates/strategy-section.md","0d75fedb5bedc07bd0e17a63f370b011f770d3d696eb7835cc07fa4fe5a77337"
"md","template","bmb","bmb/workflows-legacy/module-brief/template.md","7d1ad5ec40b06510fcbb0a3da8ea32aefa493e5b04c3a2bba90ce5685b894275"
"md","terms","bmb","bmb/docs/workflows/terms.md","4335bbc77ca4ccb6ad8baf39a553325b92c047b3cfdfa1903079ea3ebe34b91c"
"md","understanding-agent-types","bmb","bmb/docs/agents/understanding-agent-types.md","6c32f5329564afbdbc232104176165d5f10fc92052736cc6d4e545ece1afc2b9"
"md","validation","bmb","bmb/workflows/create-module/validation.md","1329fd29a8ebd11240efedc20d7c3731161649cf200086919bf8c9bdcf8a903d"
"md","validation-complete","bmb","bmb/workflows/create-agent/data/validation-complete.md","0f7dfee7d7cf50cbb87e825f24104402e3c4555fc519c41eae4ac60fb79b1b27"
"md","validation-results","bmb","bmb/workflows/edit-workflow/templates/validation-results.md","97ed6deaab6c60849fdce797ace3c7c9a2bbb63f0fb3601cbe8d47895c4b6731"
"md","workflow","bmb","bmb/docs/workflows/templates/workflow.md","f0bb89373c52d292772d75c252cb726fcc374933fb617ce8bbd542d5b03f9375"
"md","workflow","bmb","bmb/reference/workflows/meal-prep-nutrition/workflow.md","fac2b2ba577d90af60aa0b38e7da2ae3a3cdf60fa7f169e8529e0e6b129a2cdb"
"md","workflow","bmb","bmb/workflows/create-agent/data/reference/workflows/meal-prep-nutrition/workflow.md","f86fb9760bd8a77fbfa05ed782ec1526774f85e144c2f2751f7b526c23b61e2b"
"md","workflow","bmb","bmb/workflows/create-agent/workflow.md","d8f0f55b5b0c2984f1a62bc9245c6a5a90e4a3f01f28af0d2433060b2339b808"
"md","workflow","bmb","bmb/workflows/create-module/workflow.md","fe31d062a9536b65ec60ced68ea768ba5d96065df45056d63e19d86d786d8839"
"md","workflow","bmb","bmb/workflows/create-workflow/workflow.md","db416340d7227fdf4c1d848884f94d91dde70ebca2eadffaa2992935d869575e"
"md","workflow","bmb","bmb/workflows/edit-agent/workflow.md","434f0cf89090552c8fb485d8c9407cdb40d3382fae58e877cd6c84bd3dcac8b5"
"md","workflow","bmb","bmb/workflows/edit-workflow/workflow.md","0e4e4c25977ee10ba63ef7c22bf0457a15f7b1ec762f3636751937b9a31c5aad"
"md","workflow","bmb","bmb/workflows/workflow-compliance-check/workflow.md","d602f5e4aa4f9542cced3134c10ddcc1017400c241ca30181b25fbe6a1e73c64"
"md","workflow-analysis","bmb","bmb/workflows/edit-workflow/templates/workflow-analysis.md","9e2196c12fcdfbde8a074ea97a0d883cbe629c465e2b6ff52bb1619d687d6b8a"
"md","workflow-plan-template","bmb","bmb/workflows/create-module/templates/workflow-plan-template.md","2f9274926e662398103abb2393c61d1cac8db2be7b0096c0ab1ef13d93c12a3c"
"md","workflow-template","bmb","bmb/docs/workflows/templates/workflow-template.md","2b28b4978f27056ce7df4f5a3d64ffd4e829dd90e716d0a2de77affb04514bf6"
"yaml","config","bmb","bmb/config.yaml","8486fe33658e0ede5f18fcf588fc17b6e83104339899d0aacd4ece9349c2219a"
"yaml","module.template","bmb","bmb/workflows/create-module/templates/module.template.yaml","80891b6325d4fed68613b8b6833c8013b9929e17050afdff8d223a29774b9ea1"
"yaml","workflow","bmb","bmb/workflows-legacy/edit-module/workflow.yaml","44b32b4c9a96e7416c78f159def43a4e882bcc118b750db5b671761190b6e365"
"yaml","workflow","bmb","bmb/workflows-legacy/module-brief/workflow.yaml","133ac1a78624ddff17eeb26e51a29acf272fa1e5c99a385f792f9f45445db92f"
"csv","default-party","bmgd","bmgd/teams/default-party.csv","d3d3f670e044f8f2224c5545f2b50643c841b958b2316113ca02683ce6f8dfa1"
"csv","game-brain-methods","bmgd","bmgd/workflows/1-preproduction/brainstorm-game/game-brain-methods.csv","9dd6c853bcd04038223abf0263c465381dace3c9b13c9eb637f22ce9dc93210e"
"csv","game-types","bmgd","bmgd/workflows/2-design/gdd/game-types.csv","a44c04d09432c886a7a5a8112474bd32540d8e84de25b308dca0f96e570651fd"
"csv","pattern-categories","bmgd","bmgd/workflows/3-technical/game-architecture/pattern-categories.csv","d9a275931bfed32a65106ce374f2bf8e48ecc9327102a08f53b25818a8c78c04"
"csv","qa-index","bmgd","bmgd/gametest/qa-index.csv","2ee65c867ebd7379f6d170a474f85524acfd2590ae12f3b2f83fb4d4508f4c53"
"jpg","workflow-overview","bmgd","bmgd/docs/workflow-overview.jpg","bdfcbf6abc078f567e8ef741188ea12c9473d2fac501df100fdd66bedce9d09d"
"md","action-platformer","bmgd","bmgd/workflows/2-design/gdd/game-types/action-platformer.md","f1cbe9e9a52acd01ff120d05ce22fa81b30500933f62a3c6c36642280244057c"
"md","adventure","bmgd","bmgd/workflows/2-design/gdd/game-types/adventure.md","06aa57786c2e7ebc7580d501fcdefaabb28933c7b5785d6643bf643f58ae13e7"
"md","agents-guide","bmgd","bmgd/docs/agents-guide.md","aafdf8764822f7c4fbb77310b3a48c0cf362fd00fd3cd81085bd5ecf7075babc"
"md","architecture-template","bmgd","bmgd/workflows/3-technical/game-architecture/templates/architecture-template.md","a4908c181b04483c589ece1eb09a39f835b8a0dcb871cb624897531c371f5166"
"md","backlog-template","bmgd","bmgd/workflows/4-production/code-review/backlog-template.md","84b1381c05012999ff9a8b036b11c8aa2f926db4d840d256b56d2fa5c11f4ef7"
"md","balance-testing","bmgd","bmgd/gametest/knowledge/balance-testing.md","01843831d603883219828afbe19784864464277f3bcddb2c104ff05bedbb8053"
"md","card-game","bmgd","bmgd/workflows/2-design/gdd/game-types/card-game.md","6b9298ace2607c8e93d64533e6406828053234282e4977e4407faa2e9302fd0a"
"md","certification-testing","bmgd","bmgd/gametest/knowledge/certification-testing.md","9e7f57aac247f9c4d384b498f749e2e2376b8706066fb60d3e7b9c27d3ffccab"
"md","checklist","bmgd","bmgd/workflows/1-preproduction/game-brief/checklist.md","3516d66cffceb3e5ab23e1ddc9aaed8c0335eb0755e7437488cdebff96162395"
"md","checklist","bmgd","bmgd/workflows/2-design/gdd/checklist.md","d733c5d0118d692710fb7af3018239f4fc01c47fe122437db6d8477d697b3fb3"
"md","checklist","bmgd","bmgd/workflows/2-design/narrative/checklist.md","9bcfa41212cd74869199dba1a7d9cd5691e2bbc49e6b74b11e51c32955477524"
"md","checklist","bmgd","bmgd/workflows/3-technical/game-architecture/checklist.md","1594e633febf7e00b4fa21189cab5ea3a07cb6107eb6b39521780224cdc2c3dc"
"md","checklist","bmgd","bmgd/workflows/4-production/code-review/checklist.md","e30d2890ba5c50777bbe04071f754e975a1d7ec168501f321a79169c4201dd28"
"md","checklist","bmgd","bmgd/workflows/4-production/correct-course/checklist.md","3a6fc88acc293c8527f88d6ca83c670aa5158ac3333fecfc4b53b6352e8f970d"
"md","checklist","bmgd","bmgd/workflows/4-production/create-story/checklist.md","3eacc5cfd6726ab0ea0ba8fe56d9bdea466964e6cc35ed8bfadeb84307169bdc"
"md","checklist","bmgd","bmgd/workflows/4-production/dev-story/checklist.md","630b68c6824a8785003a65553c1f335222b17be93b1bd80524c23b38bde1d8af"
"md","checklist","bmgd","bmgd/workflows/4-production/sprint-planning/checklist.md","80b10aedcf88ab1641b8e5f99c9a400c8fd9014f13ca65befc5c83992e367dd7"
"md","checklist","bmgd","bmgd/workflows/bmgd-quick-flow/quick-dev/checklist.md","ff1cf84e9a2c2388173c7756240266c30b2b7fe987955f996173c5740aa7cc9f"
"md","checklist","bmgd","bmgd/workflows/bmgd-quick-flow/quick-prototype/checklist.md","0c35f21e09728530d299635447e63a8fc664f0a836e1851a091d97c7c479971a"
"md","checklist","bmgd","bmgd/workflows/gametest/automate/checklist.md","b2eefabfba15ccf30a49d46eb0e2b3f9e88304e1c1bbe6febe00d1006d85e155"
"md","checklist","bmgd","bmgd/workflows/gametest/performance/checklist.md","20ab16701d3b0e51b90bcf394f9a74afc40e3db8e04dbdc6fff6f88287639954"
"md","checklist","bmgd","bmgd/workflows/gametest/playtest-plan/checklist.md","7d504957f7edb22081f5ae01b6f35db118414c33b4f612b6cd08b5f71645cbf3"
"md","checklist","bmgd","bmgd/workflows/gametest/test-design/checklist.md","5346d6af9545fed2f338834d58624b84598e4527cc21718b77bf9166b8a80840"
"md","checklist","bmgd","bmgd/workflows/gametest/test-framework/checklist.md","cb4e9255f7386eed2244e77d74a9086980950f3d62927f38f6ee7707676c1a39"
"md","checklist","bmgd","bmgd/workflows/gametest/test-review/checklist.md","2444685b29ed742dacfbab77f17cfbc17bd2fd4f91917afb01eb2b9c3f33ffca"
"md","compatibility-testing","bmgd","bmgd/gametest/knowledge/compatibility-testing.md","52647005c34e8219084c35536c6bcdec284936cdaf215cd0c6d130804f3823d7"
"md","fighting","bmgd","bmgd/workflows/2-design/gdd/game-types/fighting.md","52e5a142aac496ae7154fc0829bfbce1ef22296f0a464cf8e595aa14ca02eb86"
"md","game-brief-template","bmgd","bmgd/workflows/1-preproduction/game-brief/templates/game-brief-template.md","6d5555fae3763e8528898663d51276e0cc7d2d9725a8c74162d8e9732dbc5843"
"md","game-context","bmgd","bmgd/workflows/1-preproduction/brainstorm-game/game-context.md","d0f5cb4d6151bb65b799676281ea2af0fe1b5ec227c92ceba655ba363e18a0ba"
"md","game-types-guide","bmgd","bmgd/docs/game-types-guide.md","52cd7469329dae40f6a235550a3b9a43cdcedc563631a382db48667462c067fe"
"md","gdd-template","bmgd","bmgd/workflows/2-design/gdd/templates/gdd-template.md","070ccbb7f491dc1b1d126245c2e4db4a55dbc5a7ee6a6df4be521ca70e3c9ea6"
"md","glossary","bmgd","bmgd/docs/glossary.md","1c4642898e7555452ecc3b9eadd2b05308c612b420a1d6e858b0f98a8047174d"
"md","godot-testing","bmgd","bmgd/gametest/knowledge/godot-testing.md","8877e3e5d910e81d040e6f8a6a727341f788ecf96f619305e7fbb79a78fa0eff"
"md","horror","bmgd","bmgd/workflows/2-design/gdd/game-types/horror.md","7ff7599d5701bb7a8ef0e14f3ba614626cdd0d8960a8e880fc1cd41c5f508f75"
"md","idle-incremental","bmgd","bmgd/workflows/2-design/gdd/game-types/idle-incremental.md","515b52bb301e467c1f096cc55abde47159bb0b0d87157b9fa565973b48601ddf"
"md","index","bmgd","bmgd/docs/index.md","84aec4633688401c9b0be15d4f22dca889db59a9d253b1bac9acadf1de118d7f"
"md","input-testing","bmgd","bmgd/gametest/knowledge/input-testing.md","331c6c844db592deac86847e3982b5fad8ebb7ead322ab637093f92152bfe90d"
"md","instructions","bmgd","bmgd/workflows/1-preproduction/brainstorm-game/instructions.md","6baa8ac80f30b7925bbb4a6b9b4aa77f1cc4e8d80d5e04ed1aff7538bd45cfc5"
"md","instructions","bmgd","bmgd/workflows/1-preproduction/game-brief/instructions.md","eed7269b51ac55d86986fd17b43d05f48be22321444a5f927e7ddfb1f5b4efe2"
"md","instructions","bmgd","bmgd/workflows/3-technical/game-architecture/instructions.md","be11651fedcb8573dabb80920dd25240306699e2b97ce6864e5a3a9e747f6198"
"md","instructions","bmgd","bmgd/workflows/4-production/correct-course/instructions.md","028597050baab4a6b218ceb5ae6e81bc4fb044f891bd5abc0e9a78f4f82d8862"
"md","instructions","bmgd","bmgd/workflows/4-production/retrospective/instructions.md","a98d0907a85c9af533e251cb41b75296cc6d4e126b826f043a2a652a094227d3"
"md","instructions","bmgd","bmgd/workflows/4-production/sprint-planning/instructions.md","6b4163d6aad7656cb88c464ce03eb70fa01969f643541fa8c92e9698d317974c"
"md","instructions","bmgd","bmgd/workflows/4-production/sprint-status/instructions.md","0e47a299bda42dc57ff86b84ce070d73f00485e949042a19531c46380e42d50f"
"md","instructions","bmgd","bmgd/workflows/bmgd-quick-flow/create-tech-spec/instructions.md","f1a179db6c73ae71cd30b9e8269672b6ba7b8c2fac9d9b63c331f5186d2f3931"
"md","instructions","bmgd","bmgd/workflows/bmgd-quick-flow/quick-dev/instructions.md","f2090e0f5045b68166ef3134046a063223ff59d392c2d56b79f31c3f353c47f3"
"md","instructions","bmgd","bmgd/workflows/bmgd-quick-flow/quick-prototype/instructions.md","96ea0a4da3e3dacf1710196987d521137bdd7f57e7bca21a0084596973e7b78c"
"md","instructions","bmgd","bmgd/workflows/gametest/automate/instructions.md","7aebebfe598f68454bd837b2ba9d41f3c50623091dc828311f5a41eb51d26f69"
"md","instructions","bmgd","bmgd/workflows/gametest/performance/instructions.md","d9582aa836748b18ae118fd6f7eb06d5d6a2453aa49aa24b0dfe8f3431d3dbd9"
"md","instructions","bmgd","bmgd/workflows/gametest/playtest-plan/instructions.md","831ae91b56224d21d29fbbbc97179f5d4aa59213f93c8a481b2001f757f78b8a"
"md","instructions","bmgd","bmgd/workflows/gametest/test-design/instructions.md","0a9fc1315e87ed52f8df570a13b28a24e731578e66a64643cd1c18dfb8242ff4"
"md","instructions","bmgd","bmgd/workflows/gametest/test-framework/instructions.md","d37520d263e3600cba4082b04ea0c038f45e73e9c0d13fac6abd71df45aca537"
"md","instructions","bmgd","bmgd/workflows/gametest/test-review/instructions.md","9d04e7f79d6dbed1064e52a1d7bfebb1328b073d02fdca2d305cffdd1a0eabea"
"md","instructions","bmgd","bmgd/workflows/workflow-status/init/instructions.md","cda190da90e0b61c83e54b354c8f2627656e75bda5aef6b5021e3f4801038089"
"md","instructions","bmgd","bmgd/workflows/workflow-status/instructions.md","fce63f6362e999d15a31881ab5b8550eb4b7e3422cc36d1d22929e753ee45c94"
"md","instructions-narrative","bmgd","bmgd/workflows/2-design/narrative/instructions-narrative.md","7086d905f763b67d62ed6ff283b3921d584a603a08fe53946d96ba07b3616bf2"
"md","localization-testing","bmgd","bmgd/gametest/knowledge/localization-testing.md","6eee5cccfd9a81db853a8aa2327bd5f898276155a0868758a2c76c6e9094d0fe"
"md","metroidvania","bmgd","bmgd/workflows/2-design/gdd/game-types/metroidvania.md","2a8c101dda7911d1cd1d9c66d1be86af3725832f5dcc7fab71e95204f45614ea"
"md","moba","bmgd","bmgd/workflows/2-design/gdd/game-types/moba.md","92d0ba9f7508a38d5bfeac1651c6aee8a1a58c54659ad3f0e0d1fd678a1ef498"
"md","multiplayer-testing","bmgd","bmgd/gametest/knowledge/multiplayer-testing.md","51ac9e47ba1a8ddae7720d301f97596d67d72252d91cd44338fd73353fc5969d"
"md","narrative-template","bmgd","bmgd/workflows/2-design/narrative/templates/narrative-template.md","a97e07173c540f85e946eb9c525e1ccad9294ae5f970760f2a9c537b5c0dcd6b"
"md","party-game","bmgd","bmgd/workflows/2-design/gdd/game-types/party-game.md","0cc50b3aede0c45c94cdff743cdac2d8ad67421ea80497a29d2300a1744ea703"
"md","performance-template","bmgd","bmgd/workflows/gametest/performance/performance-template.md","4bd04e73953f2f3dedff20b9032f99023656f141f21c080e49f15060c64ffa80"
"md","performance-testing","bmgd","bmgd/gametest/knowledge/performance-testing.md","b9acfb6f8d20b9f9d2e7b83419298f3053f6fc5dab5cb9005898d133556c09fe"
"md","playtest-template","bmgd","bmgd/workflows/gametest/playtest-plan/playtest-template.md","8fa7654007f4f881f0167cb252b6b9ca63c0735fb9e6ef63a4bc81954b428f47"
"md","playtesting","bmgd","bmgd/gametest/knowledge/playtesting.md","bd989a375d3e444da9b892bf0e33ed98c9f9d88f578f260501c3eaf7553d0b3c"
"md","project-context-template","bmgd","bmgd/workflows/3-technical/generate-project-context/project-context-template.md","4816f83b0edc8c7e19a57e4a4a6419ca40953fc7dcd48326700f2876e77c60fa"
"md","puzzle","bmgd","bmgd/workflows/2-design/gdd/game-types/puzzle.md","f9c08b6f087bfaa41ea08c9dfa78aa034f5ae46b627b9f476bdf8b4f5c3389ed"
"md","qa-automation","bmgd","bmgd/gametest/knowledge/qa-automation.md","1de6d14ea9299a2b73a2da33dff6c5b4c1bf5757365a5449968589baaa123cbc"
"md","quick-flow-guide","bmgd","bmgd/docs/quick-flow-guide.md","b7ae5a9c0694ee752d3e7532f6aea27f4d6cd24bcb32eb0091434c35426882b6"
"md","quick-start","bmgd","bmgd/docs/quick-start.md","b1f0b1a61705c22ff5d9d4a0f2ff3cb746fd91854eb1222866c8ddc39331818e"
"md","racing","bmgd","bmgd/workflows/2-design/gdd/game-types/racing.md","085ea5d0914d7bc6a233c479d0ad6288a575ad1c8b9a8a85881e779fac0e60fc"
"md","regression-testing","bmgd","bmgd/gametest/knowledge/regression-testing.md","bbf85811219194de9df3499277f93427d2cc623384a8f1ac22726067ab6426dd"
"md","rhythm","bmgd","bmgd/workflows/2-design/gdd/game-types/rhythm.md","83bbf1761fdc604b8c2b50ed86c5874cce331417e1b3a46c65cb6c4c1a7c8db2"
"md","roguelike","bmgd","bmgd/workflows/2-design/gdd/game-types/roguelike.md","fb1ebc838011020a6f740e6fb4f2ceb81be8477f9c67bc7ae3a8e34dfe548f00"
"md","rpg","bmgd","bmgd/workflows/2-design/gdd/game-types/rpg.md","5aa57ecefb448a0507ee0c8d503b43bd34d0c612ba130240d1af9842b80cba50"
"md","sandbox","bmgd","bmgd/workflows/2-design/gdd/game-types/sandbox.md","836f656bbaae549f31ac574c0865a61de451c08ab8c561db2c93398e147ece85"
"md","save-testing","bmgd","bmgd/gametest/knowledge/save-testing.md","b64e42def93f604dcfadd6ed81c8950e1d0eb75d936f1da7de3f727323e76201"
"md","shooter","bmgd","bmgd/workflows/2-design/gdd/game-types/shooter.md","2452850295ac2b9fac04ce2d6126bfc19bb7dccbb04c40e7f89c801aecc5555d"
"md","simulation","bmgd","bmgd/workflows/2-design/gdd/game-types/simulation.md","fd74a7d21243f8d9827fe6a99263579309bc0aabd9e56261d3dd4eb5cfc75ad5"
"md","smoke-testing","bmgd","bmgd/gametest/knowledge/smoke-testing.md","41843100e39f9a2d48316623d979cfdeed5f0977db5241a1a52f1049301dcd6f"
"md","sports","bmgd","bmgd/workflows/2-design/gdd/game-types/sports.md","2247ea87dbca74e879f8c686d9e80434618e9e61bd3572739274c1af64cb0bb8"
"md","step-01-discover","bmgd","bmgd/workflows/3-technical/generate-project-context/steps/step-01-discover.md","1e2e2b6b048891995a8cc18555f09f9442cb318b53b362fa61c2f4856756af26"
"md","step-01-init","bmgd","bmgd/workflows/1-preproduction/brainstorm-game/steps/step-01-init.md","74f7d2fa1c4b47c58a3f86465ae935b9fc555ded6f1cfc3f1738f781c61c2c92"
"md","step-01-init","bmgd","bmgd/workflows/1-preproduction/game-brief/steps/step-01-init.md","9afc7a629462711d7cf38d6c8479e6156a198b240e2eec258b3274fbe16dd7af"
"md","step-01-init","bmgd","bmgd/workflows/2-design/gdd/steps/step-01-init.md","2e19399c6f865a8a7927397f51529cccd5eadb74cc4f128917ced3bc8ad893cc"
"md","step-01-init","bmgd","bmgd/workflows/2-design/narrative/steps/step-01-init.md","d8ef3c1f45ad46ce563d0ccc416d5bc7f128aa1df1668959799be664ad3ca203"
"md","step-01-init","bmgd","bmgd/workflows/3-technical/game-architecture/steps/step-01-init.md","66bbe7d5762c3da0c118e4a37425b9bf207ce08eb9a606bdcfa802ec1d1d80bf"
"md","step-01b-continue","bmgd","bmgd/workflows/1-preproduction/game-brief/steps/step-01b-continue.md","f14b4bdc8249760db23f98c5f5072c495eed042e581b2f8ee19c6c2f4e7b2de6"
"md","step-01b-continue","bmgd","bmgd/workflows/2-design/gdd/steps/step-01b-continue.md","38829a61d842d898c9d3e0f282beccfc9a334d5998c83c2be81dca07e9d2f940"
"md","step-01b-continue","bmgd","bmgd/workflows/2-design/narrative/steps/step-01b-continue.md","2fcda2e6a69694c779a0d370ff564e69e56ac28c72bba4b52eedd692df76b7dd"
"md","step-01b-continue","bmgd","bmgd/workflows/3-technical/game-architecture/steps/step-01b-continue.md","3a2906f67016a674fa4f93632b91be3934e60ab8f35fb9be71ad1679f7e2b714"
"md","step-02-context","bmgd","bmgd/workflows/1-preproduction/brainstorm-game/steps/step-02-context.md","34645b659a0611ad63ff2aa372d78e882f629c1b27a86ea40de0d337b16ef55f"
"md","step-02-context","bmgd","bmgd/workflows/2-design/gdd/steps/step-02-context.md","d2b6cd878409d23dc99604729e4c0c4fbf9dbd703f4ac5be8118635c4ae9ac48"
"md","step-02-context","bmgd","bmgd/workflows/3-technical/game-architecture/steps/step-02-context.md","6766740d6ddb79d544e3cec30b8befafa0d952a147b2e8c11f5a595ba7078deb"
"md","step-02-foundation","bmgd","bmgd/workflows/2-design/narrative/steps/step-02-foundation.md","58fe9e8b61f907eb1aaf9846144752292c0119b5caca825f96a2ce54aca41b83"
"md","step-02-generate","bmgd","bmgd/workflows/3-technical/generate-project-context/steps/step-02-generate.md","32b549da11f26e91c876c035131fbf87f980d76432b25d6d2405ff15ccb72ff0"
"md","step-02-vision","bmgd","bmgd/workflows/1-preproduction/game-brief/steps/step-02-vision.md","820a143eed9b9c1e00e82d7c3af7b811dd9d59512bddbd3036e6c97c148b1e10"
"md","step-03-complete","bmgd","bmgd/workflows/3-technical/generate-project-context/steps/step-03-complete.md","a1c44dfd494bac04ca0d8c691093f595d000c1d30f15e7cb2b5c188520d65162"
"md","step-03-ideation","bmgd","bmgd/workflows/1-preproduction/brainstorm-game/steps/step-03-ideation.md","eb9e830e83a5880b569623ebe9719d0c633bb482aa9689277a403072f913cb2e"
"md","step-03-market","bmgd","bmgd/workflows/1-preproduction/game-brief/steps/step-03-market.md","5ed609552b6d1c4df73370d0b7a150e45acc9dd065a48394469e38ce7ba87c02"
"md","step-03-platforms","bmgd","bmgd/workflows/2-design/gdd/steps/step-03-platforms.md","ad5b520c4ec20f1ea93cefd2f4d22cd1ccadc95c0a966b26d70de72af6b939c5"
"md","step-03-starter","bmgd","bmgd/workflows/3-technical/game-architecture/steps/step-03-starter.md","af1b8c62f24cd92268f4fc45a4fa791ad7ee5eb3794b6015f184df04bbddba09"
"md","step-03-story","bmgd","bmgd/workflows/2-design/narrative/steps/step-03-story.md","ba1570d2794df09a5350f7ee489f0d26158845233cba2905c13ef3a190ea84e2"
"md","step-04-characters","bmgd","bmgd/workflows/2-design/narrative/steps/step-04-characters.md","b38fdf1f82d4202823bf39ac4d58846ef5ac9cf6e0a78049ca96361fd813ba04"
"md","step-04-complete","bmgd","bmgd/workflows/1-preproduction/brainstorm-game/steps/step-04-complete.md","aebd893ba4f1ae8c92d5c70a0f2c8961b21faccd09938d10bad405b97c623d82"
"md","step-04-decisions","bmgd","bmgd/workflows/3-technical/game-architecture/steps/step-04-decisions.md","36fbffaa105cc41e35d5989cf937d46a94415fd2d685904535a930cffc19705b"
"md","step-04-fundamentals","bmgd","bmgd/workflows/1-preproduction/game-brief/steps/step-04-fundamentals.md","e7866e25a6f363c561d18b5b2be3a93880f4511b091646e7f8663fb28a880c40"
"md","step-04-vision","bmgd","bmgd/workflows/2-design/gdd/steps/step-04-vision.md","cf2084e9d280cf1854e23090b79895eaed8d29b1b3a6a9ded3b4926b68519a7d"
"md","step-05-core-gameplay","bmgd","bmgd/workflows/2-design/gdd/steps/step-05-core-gameplay.md","3e8e8b808c34104a3b58003286ae790ae83b528e02308dac17f9f080abb2433d"
"md","step-05-crosscutting","bmgd","bmgd/workflows/3-technical/game-architecture/steps/step-05-crosscutting.md","fdd501726b7e05132e1bf424e31a0220d38c6b81241de76b076b5c5f11dc89c2"
"md","step-05-scope","bmgd","bmgd/workflows/1-preproduction/game-brief/steps/step-05-scope.md","172c0f1fcab8ec6c4c609a50955a9c8e47035927958990923320efbf1cb39d5d"
"md","step-05-world","bmgd","bmgd/workflows/2-design/narrative/steps/step-05-world.md","2eb39cb9dbf86d7b0d72bb25af0b4f159a88ab69dd67547f4d1b808a272cd557"
"md","step-06-dialogue","bmgd","bmgd/workflows/2-design/narrative/steps/step-06-dialogue.md","75ed7205bd8c353e5ea9961cbfd2feed8aa2699d5e342d6fc0caeb5d156c7075"
"md","step-06-mechanics","bmgd","bmgd/workflows/2-design/gdd/steps/step-06-mechanics.md","fffa05ac3aa20d9f604c7b387ee6ce242cd67f6de2225fc6908224f03aa45907"
"md","step-06-references","bmgd","bmgd/workflows/1-preproduction/game-brief/steps/step-06-references.md","b94f5efd0c70021ca5534c0f1713805a5db2f7f0450900557d95fc1add1165f7"
"md","step-06-structure","bmgd","bmgd/workflows/3-technical/game-architecture/steps/step-06-structure.md","0e5bf612d7383523a078b649947cbfb13df71753c0ff0e72a7588997cb3de27f"
"md","step-07-content","bmgd","bmgd/workflows/1-preproduction/game-brief/steps/step-07-content.md","e86e5eda127a057268ef1300d55e5310eb98b04576dfc530ad3888e7a00e73ec"
"md","step-07-environmental","bmgd","bmgd/workflows/2-design/narrative/steps/step-07-environmental.md","4260c73b9343cd3caa2df1824a6c030d08b55c2e22f2b1303e857e849a219e11"
"md","step-07-game-type","bmgd","bmgd/workflows/2-design/gdd/steps/step-07-game-type.md","a3a13f865fef1e9d68e09a1e572c9be68ba3b2ee39188d0403eb36256da0d7aa"
"md","step-07-patterns","bmgd","bmgd/workflows/3-technical/game-architecture/steps/step-07-patterns.md","3e49ac2cac0cf7789a9463fd5f467ce0077bcf89933c59c500ef0731f32631dd"
"md","step-08-complete","bmgd","bmgd/workflows/1-preproduction/game-brief/steps/step-08-complete.md","3fa159db2fed072aacdd006f015f83460875bf582e6462f6054d3c88cb112c32"
"md","step-08-delivery","bmgd","bmgd/workflows/2-design/narrative/steps/step-08-delivery.md","b4dc6e2e4f89878ec892854d889a18a8ce7fc5da04b8577be6bac86611227ac0"
"md","step-08-progression","bmgd","bmgd/workflows/2-design/gdd/steps/step-08-progression.md","4db9458e62d555f92a9f6eb08d27895621634d0261c0dade9d529c5c91210c5c"
"md","step-08-validation","bmgd","bmgd/workflows/3-technical/game-architecture/steps/step-08-validation.md","2f7ea569342873d6d32e9b57d111a26016ff1e912c3a284309385dc4be0b263a"
"md","step-09-complete","bmgd","bmgd/workflows/3-technical/game-architecture/steps/step-09-complete.md","9692e890a256e9d6c546c9d3c247b3a15cb07224e0f253f50f48a7792578ac30"
"md","step-09-integration","bmgd","bmgd/workflows/2-design/narrative/steps/step-09-integration.md","7589dabc7109f279948042fb0c3aab86d46eb8abf7f948f069e65efdfe3fe0c2"
"md","step-09-levels","bmgd","bmgd/workflows/2-design/gdd/steps/step-09-levels.md","24178b005fc879d4e424c1f49df5b74b01f07993ee2f1991a68e0f15b57b8c49"
"md","step-10-art-audio","bmgd","bmgd/workflows/2-design/gdd/steps/step-10-art-audio.md","871536991e1cb2b1765ef576c0ad1537794d5f0769e7c330c0c9e4ca301fc965"
"md","step-10-production","bmgd","bmgd/workflows/2-design/narrative/steps/step-10-production.md","d58dca0dcbe2ad3e9ce8ba6aa944ebda0e51ff01786ae58c47d0bfd60e04a97a"
"md","step-11-complete","bmgd","bmgd/workflows/2-design/narrative/steps/step-11-complete.md","94eb42c655ef6c0082dd40c155cbac9ba9ffed1e653952f99ec16bc363ca9962"
"md","step-11-technical","bmgd","bmgd/workflows/2-design/gdd/steps/step-11-technical.md","6efcdba2e89b38918f130ef84134bfeae82eaf9e6ab0e03b184b1269423b8cd6"
"md","step-12-epics","bmgd","bmgd/workflows/2-design/gdd/steps/step-12-epics.md","e01c92422e1fc028a8122d9a166b1d6c5b38b7cdf1b88004d64ec00b970a7610"
"md","step-13-metrics","bmgd","bmgd/workflows/2-design/gdd/steps/step-13-metrics.md","cb93332f8add91f727c63181482a5e61a4da7f7f1606f5ce8dabe8b1e665f885"
"md","step-14-complete","bmgd","bmgd/workflows/2-design/gdd/steps/step-14-complete.md","cda2604d13b55fd6862f96767c0b759a351332dd5791a18b31d25b0dfb3eeb16"
"md","strategy","bmgd","bmgd/workflows/2-design/gdd/game-types/strategy.md","997380919f6c1b408906c364f74e728b9c6b45bf2960d1f0bfe8b0def594735e"
"md","survival","bmgd","bmgd/workflows/2-design/gdd/game-types/survival.md","3647795ee0073a85217633412a41a938e51a553776acbe9ac953fb403e3437f9"
"md","template","bmgd","bmgd/workflows/4-production/create-story/template.md","29ba697368d77e88e88d0e7ac78caf7a78785a7dcfc291082aa96a62948afb67"
"md","test-design-template","bmgd","bmgd/workflows/gametest/test-design/test-design-template.md","3e1811023e6bf76ac1157903999380041fddffdddadfea18ec5872242d1d5eb1"
"md","test-priorities","bmgd","bmgd/gametest/knowledge/test-priorities.md","bf1c726cfcbd44511a97820e1c4d4de1f4b2579ca97cd216f91b91fbeb72e04a"
"md","test-review-template","bmgd","bmgd/workflows/gametest/test-review/test-review-template.md","62f64abc9e42f3014f65b7a663477ea2ae84eea7da423508761535da67d9ad0f"
"md","text-based","bmgd","bmgd/workflows/2-design/gdd/game-types/text-based.md","5895ca65dc93f676bb33b754f2c6be85d5d9b651df87d8431d404dc9bb736ee7"
"md","tower-defense","bmgd","bmgd/workflows/2-design/gdd/game-types/tower-defense.md","03a2cc577fdd1a183ba04409b01b22f2f38713d28f1278481b0f221858f97ec8"
"md","troubleshooting","bmgd","bmgd/docs/troubleshooting.md","26c5e87260a6b69f4c0a839d0a3706dcafb1264e6a978e33998895774be5e9eb"
"md","turn-based-tactics","bmgd","bmgd/workflows/2-design/gdd/game-types/turn-based-tactics.md","30a150d8a0ab746f0c67d414be79e7e421fff1b8b7a1b716e64800df72bdb6c2"
"md","unity-testing","bmgd","bmgd/gametest/knowledge/unity-testing.md","24137ebc37c270a8f1a32067ad33647aafd0bab5f4e46706241e5a3820831aee"
"md","unreal-testing","bmgd","bmgd/gametest/knowledge/unreal-testing.md","f20b9d11648ab7916df921183840bc5f8d452e98b54ef447f2ef94054b04b159"
"md","visual-novel","bmgd","bmgd/workflows/2-design/gdd/game-types/visual-novel.md","2d98f4c682f0abbd6330ac1bad04600c596e6b27302adbe9510fc0c0bf53052c"
"md","workflow","bmgd","bmgd/workflows/1-preproduction/brainstorm-game/workflow.md","a716b0aa263495415b1de0c08bb183cd193730920fed1a9848bdc9bbc095c318"
"md","workflow","bmgd","bmgd/workflows/1-preproduction/game-brief/workflow.md","851c0a7ce55aca64511ad61abe34d81f77713df525a79579125cc6801120740e"
"md","workflow","bmgd","bmgd/workflows/2-design/gdd/workflow.md","756afb87e4ba2a2f6c923dc7157f532eaeae044bc1a26ded64bfc495e1dc903c"
"md","workflow","bmgd","bmgd/workflows/2-design/narrative/workflow.md","37e27f326c248f820b8440f875acdd0b1fc83a158f2726054b175ab74bedd090"
"md","workflow","bmgd","bmgd/workflows/3-technical/game-architecture/workflow.md","b7fde5dbb6532e2e9c1fa3e538ecbc5762770728f86e7aa20a5fa68ac885f4e2"
"md","workflow","bmgd","bmgd/workflows/3-technical/generate-project-context/workflow.md","9d68a50d6ddde55fabed410099a152c8f07cbcbd1791ae832440637119a66db7"
"md","workflows-guide","bmgd","bmgd/docs/workflows-guide.md","e167d0f1bb72356632e1f0841b0a60d61e5aa18e72bfa6384fa3936e3e3e0c18"
"xml","instructions","bmgd","bmgd/workflows/4-production/code-review/instructions.xml","80d43803dced84f1e754d8690fb6da79e5b21a68ca8735b9c0ff709c49ac31ff"
"xml","instructions","bmgd","bmgd/workflows/4-production/create-story/instructions.xml","1c010269f7473cd477d1bc7581a737062a79cda7b61e30aca7f80d946422bb11"
"xml","instructions","bmgd","bmgd/workflows/4-production/dev-story/instructions.xml","a2e824fbbf54ace573c22717c73639ab7ce74914cb7e5aecca954d2801187725"
"yaml","architecture-patterns","bmgd","bmgd/workflows/3-technical/game-architecture/architecture-patterns.yaml","00b9878fd753b756eec16a9f416b4975945d6439e1343673540da4bccb0b83f5"
"yaml","config","bmgd","bmgd/config.yaml","e7c1333f052556a9b89055516b61b2e9ea67bbf325a54ae0f53543c7db647e10"
"yaml","decision-catalog","bmgd","bmgd/workflows/3-technical/game-architecture/decision-catalog.yaml","f7fc2ed6ec6c4bd78ec808ad70d24751b53b4835e0aad1088057371f545d3c82"
"yaml","gamedev-brownfield","bmgd","bmgd/workflows/workflow-status/paths/gamedev-brownfield.yaml","5bc8b6da93f6b23f887e2d2c58fb069a3f19940ec02ae82a3dafbc7cecd98a3e"
"yaml","gamedev-greenfield","bmgd","bmgd/workflows/workflow-status/paths/gamedev-greenfield.yaml","b17fd2e60428fdbf32af9ad30b85b2016d2738f175045f3c41e742ce5dfeb9e6"
"yaml","project-levels","bmgd","bmgd/workflows/workflow-status/project-levels.yaml","7faae979120ac99048febb151d290c07ff1a3f75f45a843c225c907c21e523b2"
"yaml","quickflow-brownfield","bmgd","bmgd/workflows/workflow-status/paths/quickflow-brownfield.yaml","903a50326fca404d8ad022cf0e664a7e0c80bdcafaa225dc1dc4839ea2bfb03a"
"yaml","quickflow-greenfield","bmgd","bmgd/workflows/workflow-status/paths/quickflow-greenfield.yaml","3f072164aeb118f3cef2829e5c783345ddb4216099da9111c25f53d8688e1d65"
"yaml","sprint-status-template","bmgd","bmgd/workflows/4-production/sprint-planning/sprint-status-template.yaml","de75fe50bd5e3f4410ccc99fcd3f5dc958733b3829af1b13b4d7b0559bbca22b"
"yaml","team-gamedev","bmgd","bmgd/teams/team-gamedev.yaml","f362ed346e2339a9f07456c3d4cc20431b74c96330c02af902e0324a9fa4ff0d"
"yaml","workflow","bmgd","bmgd/workflows/1-preproduction/brainstorm-game/workflow.yaml","3f8ae6b4b897e93ea877342c767f8cbb97f492ec1557d602596563950178d2e9"
"yaml","workflow","bmgd","bmgd/workflows/1-preproduction/game-brief/workflow.yaml","693c8eef109cb68e0d6fc81f3e638433f3f6e62ab8f6f9c5dd50f353bcb60ecf"
"yaml","workflow","bmgd","bmgd/workflows/2-design/gdd/workflow.yaml","3916778dedc47f6afbce806ff0e52833a2135e66205ae813270c1fdbf194e2a0"
"yaml","workflow","bmgd","bmgd/workflows/2-design/narrative/workflow.yaml","b4974e893276f82be0f7088f2ba40aac85e7313f4e12131fbc0f7079126e688d"
"yaml","workflow","bmgd","bmgd/workflows/3-technical/game-architecture/workflow.yaml","c2ff4e30df343b6b3974bc6ab917b167b6d294ead12f1926cff188616694c165"
"yaml","workflow","bmgd","bmgd/workflows/4-production/code-review/workflow.yaml","b732f8859bf96421ecccf1de21fdbd5ad5522f7b28023a2dd9a3684e976b3db4"
"yaml","workflow","bmgd","bmgd/workflows/4-production/correct-course/workflow.yaml","84f9c6dd74d07572c9dff4944cdf3703fbbd13626a2d648a6cbe1b0e2701027c"
"yaml","workflow","bmgd","bmgd/workflows/4-production/create-story/workflow.yaml","f942ada835a576b574b87b470093049f6906806bd1d787547f9e6ecc73df0f80"
"yaml","workflow","bmgd","bmgd/workflows/4-production/dev-story/workflow.yaml","27fb893e19ba39afa2268d02fd06c4f82291c08103e25776f06f55b4bcf72f2d"
"yaml","workflow","bmgd","bmgd/workflows/4-production/retrospective/workflow.yaml","a3da0b2634d7d0085866212ab8adb99b75d8fc42463dc39b640436ac46a4cefa"
"yaml","workflow","bmgd","bmgd/workflows/4-production/sprint-planning/workflow.yaml","1994fadc4ea0e46df683bdc6b73a1c9b7bf28ca9f321e767dd62ed24eeb930a9"
"yaml","workflow","bmgd","bmgd/workflows/4-production/sprint-status/workflow.yaml","efcc0766c3fef56eaa3422c6b22de90ed12f6ce1d719c4c3c91d08623a1e5283"
"yaml","workflow","bmgd","bmgd/workflows/bmgd-quick-flow/create-tech-spec/workflow.yaml","31ef4cd1c5738cb9f223f7c0e8943bacad7b463a466611bb17ae9848259218fc"
"yaml","workflow","bmgd","bmgd/workflows/bmgd-quick-flow/quick-dev/workflow.yaml","0d725b0e9f7e78da9a0c69b3f62a8ba545525ca64ee364dbd53c9581c86c9514"
"yaml","workflow","bmgd","bmgd/workflows/bmgd-quick-flow/quick-prototype/workflow.yaml","229d15d56d4c68d9e1023b366314185f3efca8af63fc6a7e5735a3b87b58fabb"
"yaml","workflow","bmgd","bmgd/workflows/gametest/automate/workflow.yaml","b2288417061eed7164874a8225733aa6d9fc098ca6700d8043431ee9638c7e07"
"yaml","workflow","bmgd","bmgd/workflows/gametest/performance/workflow.yaml","576a2abbc34d8d2cfeb097baf07a980655a8db3f26ef2371561c00babdbceca9"
"yaml","workflow","bmgd","bmgd/workflows/gametest/playtest-plan/workflow.yaml","b57f9a974a1e28e83181554d6d9705068348e7f9f97487762949a6aa575e5aec"
"yaml","workflow","bmgd","bmgd/workflows/gametest/test-design/workflow.yaml","5a1252742975b2b1fa41dd0d24434e5808306011374004f5d8dd276c8c581374"
"yaml","workflow","bmgd","bmgd/workflows/gametest/test-framework/workflow.yaml","11424fa504c20809e94a574e0e807575fd74abcc4579e4663d111f4e56119d28"
"yaml","workflow","bmgd","bmgd/workflows/gametest/test-review/workflow.yaml","6a1689b44c80c80a23f5cd113757b500a8445a01395de6cbe73e5d18aaada9e6"
"yaml","workflow","bmgd","bmgd/workflows/workflow-status/init/workflow.yaml","3888c2fdf4524b7fd73918b0c0aea148709e9e45b65ed9667df78e2ba8df6429"
"yaml","workflow","bmgd","bmgd/workflows/workflow-status/workflow.yaml","780856bd269f155c99ca2a4fa42896ca697c37b86eb4b7bb2f3901acb5ae3a1f"
"yaml","workflow-status-template","bmgd","bmgd/workflows/workflow-status/workflow-status-template.yaml","5742b41a5b4c23d137ffd89f4097c3c8d0330e116690a24a69ceb56fa3ec5b12"
"csv","advanced-elicitation-methods","core","core/tasks/advanced-elicitation-methods.csv","e08b2e22fec700274982e37be608d6c3d1d4d0c04fa0bae05aa9dba2454e6141"
"csv","brain-methods","core","core/workflows/brainstorming/brain-methods.csv","0ab5878b1dbc9e3fa98cb72abfc3920a586b9e2b42609211bb0516eefd542039"
"md","excalidraw-helpers","core","core/resources/excalidraw/excalidraw-helpers.md","37f18fa0bd15f85a33e7526a2cbfe1d5a9404f8bcb8febc79b782361ef790de4"
"md","library-loader","core","core/resources/excalidraw/library-loader.md","7837112bd0acb5906870dff423a21564879d49c5322b004465666a42c52477ab"
"md","README","core","core/resources/excalidraw/README.md","72de8325d7289128f1c8afb3b0eea867ba90f4c029ca42e66a133cd9f92c285d"
"md","step-01-agent-loading","core","core/workflows/party-mode/steps/step-01-agent-loading.md","ebdeac5e67a5c9bde93cd1750963c0f0b0f354c19ccf922f9d681e6ae425d729"
"md","step-01-session-setup","core","core/workflows/brainstorming/steps/step-01-session-setup.md","943118388f1cb81eda922240a944cff84517388298ead6b9e02f917432d8bf31"
"md","step-01b-continue","core","core/workflows/brainstorming/steps/step-01b-continue.md","9d531b012f85a2a7c3ddd94a2adeb8189eab24c370d099dbabb1bd6e33b3a9cb"
"md","step-02-discussion-orchestration","core","core/workflows/party-mode/steps/step-02-discussion-orchestration.md","1f0a6ca96139f522cc26ce6fdf78b4f94297201a53f06c30fb30e65717957cfb"
"md","step-02a-user-selected","core","core/workflows/brainstorming/steps/step-02a-user-selected.md","24158414bfe6daa46c94e6e43a9ec3a8d9a6dfe1b2a5bd8b719d06c775dcc73d"
"md","step-02b-ai-recommended","core","core/workflows/brainstorming/steps/step-02b-ai-recommended.md","68774e344cdcffbbd8fd9c5bec5bbe4cfd5297eb9734fc542606831becc38441"
"md","step-02c-random-selection","core","core/workflows/brainstorming/steps/step-02c-random-selection.md","24b54de6ed3a3b0b87a23a28a69a5fa73e8bf9fb80353fb12db8258c1e29ac95"
"md","step-02d-progressive-flow","core","core/workflows/brainstorming/steps/step-02d-progressive-flow.md","34b53545f18cd26db8bff81072e1c6b38efe031969e72d79c7efa2814f3b9073"
"md","step-03-graceful-exit","core","core/workflows/party-mode/steps/step-03-graceful-exit.md","c07d1b5c3b4d48e8903872f24654e96f8cadd1d08202be3f5c2e381aa664e9bb"
"md","step-03-technique-execution","core","core/workflows/brainstorming/steps/step-03-technique-execution.md","a0f7ef0d58ccf21c1e10b9ab221f8dbcc8ddc0c09b322da3863996e8731b6409"
"md","step-04-idea-organization","core","core/workflows/brainstorming/steps/step-04-idea-organization.md","2a7f516d0e598ec3462795b1e5fe2bf2f3745276ca6ae609eed5562bacf46b0d"
"md","template","core","core/workflows/brainstorming/template.md","5c99d76963eb5fc21db96c5a68f39711dca7c6ed30e4f7d22aedee9e8bb964f9"
"md","validate-json-instructions","core","core/resources/excalidraw/validate-json-instructions.md","0970bac93d52b4ee591a11998a02d5682e914649a40725d623489c77f7a1e449"
"md","workflow","core","core/workflows/brainstorming/workflow.md","81f29e8e5d2dc6cd0ad2d9821b1908ad026cfb389246fb3621234eed369dc4fa"
"md","workflow","core","core/workflows/party-mode/workflow.md","5f0f9cd9533115cde2c645e2b46c150080b8262fce9b91078af3f424bbf26bf3"
"xml","advanced-elicitation","core","core/tasks/advanced-elicitation.xml","c6dbc901671bcdf0c1d28e5cd388c958577bf255c7a3922302602fd3b981b2ee"
"xml","index-docs","core","core/tasks/index-docs.xml","13ffd40ccaed0f05b35e4f22255f023e77a6926e8a2f01d071b0b91a4c942812"
"xml","review-adversarial-general","core","core/tasks/review-adversarial-general.xml","05466fd1a0b207dd9987ba1e8674b40060025b105ba51f5b49fe852c44e51f12"
"xml","shard-doc","core","core/tools/shard-doc.xml","f71987855cabb46bd58a63a4fd356efb0739a272ab040dd3c8156d7f538d7caf"
"xml","validate-workflow","core","core/tasks/validate-workflow.xml","539e6f1255efbb62538598493e4083496dc0081d3c8989c89b47d06427d98f28"
"xml","workflow","core","core/tasks/workflow.xml","38a94a0926acfdcd0fe80694d8ca551a2ce3237b203bffd562064f1b8d89a68b"
"yaml","config","core","core/config.yaml","20a3da6a8c6e6897bdc80d7cbe93f6a3f1f5ca8224088ccbb4a65d4dd9ba449c"
